{"document":{"pageListHeight":70,"componentSidebarTreeStructure":0,"pageListCollapsed":1},"SMConfigs2":"{\"scale\":\"1\",\"unit\":\"px\",\"colorFormat\":\"color-hex\",\"timestamp\":1632367812536}","012B82B2-DB31-4F08-A9D4-8CDABE2679E8":{"scrollOrigin":"{356, 1687}","zoomValue":0.4902038618420937},"F1EB45D5-50E9-4863-8175-9C839F523EC7":{"scrollOrigin":"{-3946, 7271}","zoomValue":0.5402713388741091}}